filename,pass,dimension
01m50c004_01n50f003,TRUE,count
01m70f018_01n30f016,FALSE,FAIL
01m90f008_01n10y001,TRUE,luminance
02m50f001_02n50f007,FALSE,FAIL
02m70f021_02n30c028,TRUE,count
02m90f024_02n10f022,FALSE,FAIL
03m50f024_03n50y022,TRUE,luminance
03m70f035_03n30f033,FALSE,FAIL
03m90f006_03n10f004,FALSE,FAIL
04m50fr013_04n50fr015,FALSE,FAIL
04m70f012_04n30f011,FALSE,FAIL
04m90c032_04n10f037,TRUE,count
05m50y016_05n50f013,TRUE,luminance
05m70f027_05n30f028,FALSE,FAIL
05m90fr007_05n10fr004,FALSE,FAIL
01m70f024_01n25f025,TRUE,area
02m45f002_02n50f006,TRUE,area
03m85f038_03n10f031,TRUE,area
04m65fr003_04n30fr007,TRUE,area
05m90f013_05n05f016,TRUE,area
